{"accuracy": 0.9237770193401593, "precision": 0.9674267100977199, "recall": 0.9266770670826833, "f1": 0.9466135458167331, "auc": 0.9725940298116126}