{"fpr": [0.0, 0.0, 0.0, 0.0, 0.0, 0.0, 0.0, 0.0, 0.0, 0.0, 0.0, 0.0, 0.0, 0.0, 0.0, 0.0, 0.0, 0.0, 0.0, 0.0, 0.0, 0.0, 0.0, 0.0, 0.0, 0.0, 0.0, 0.0, 0.0, 0.0, 0.0, 0.0, 0.004201680672268907, 0.004201680672268907, 0.008403361344537815, 0.008403361344537815, 0.012605042016806723, 0.012605042016806723, 0.01680672268907563, 0.01680672268907563, 0.02100840336134454, 0.02100840336134454, 0.025210084033613446, 0.025210084033613446, 0.025210084033613446, 0.025210084033613446, 0.029411764705882353, 0.029411764705882353, 0.03361344537815126, 0.03361344537815126, 0.037815126050420166, 0.037815126050420166, 0.04201680672268908, 0.04201680672268908, 0.046218487394957986, 0.046218487394957986, 0.05042016806722689, 0.05042016806722689, 0.0546218487394958, 0.0546218487394958, 0.058823529411764705, 0.058823529411764705, 0.06302521008403361, 0.06302521008403361, 0.06722689075630252, 0.06722689075630252, 0.07142857142857142, 0.07142857142857142, 0.07563025210084033, 0.07563025210084033, 0.07983193277310924, 0.07983193277310924, 0.08403361344537816, 0.08403361344537816, 0.08823529411764706, 0.08823529411764706, 0.10504201680672269, 0.10504201680672269, 0.1092436974789916, 0.1092436974789916, 0.1134453781512605, 0.1134453781512605, 0.12184873949579832, 0.12184873949579832, 0.12605042016806722, 0.12605042016806722, 0.14285714285714285, 0.14285714285714285, 0.14705882352941177, 0.14705882352941177, 0.15126050420168066, 0.15126050420168066, 0.15966386554621848, 0.15966386554621848, 0.1638655462184874, 0.1638655462184874, 0.1722689075630252, 0.1722689075630252, 0.18067226890756302, 0.18067226890756302, 0.18487394957983194, 0.18487394957983194, 0.18907563025210083, 0.18907563025210083, 0.19327731092436976, 0.19327731092436976, 0.20168067226890757, 0.20168067226890757, 0.22268907563025211, 0.22268907563025211, 0.24369747899159663, 0.24369747899159663, 0.2815126050420168, 0.2815126050420168, 0.31512605042016806, 0.31512605042016806, 0.33613445378151263, 0.33613445378151263, 0.3697478991596639, 0.3697478991596639, 1.0], "tpr": [0.0, 0.046801872074883, 0.06396255850234009, 0.07644305772230889, 0.0811232449297972, 0.0842433697347894, 0.0904836193447738, 0.10452418096723869, 0.10764430577223089, 0.11232449297971919, 0.12480499219968799, 0.12792511700468018, 0.13260530421216848, 0.1372854914196568, 0.14040561622464898, 0.15912636505460218, 0.16536661466458658, 0.1669266770670827, 0.17004680187207488, 0.18408736349453977, 0.187207488299532, 0.1918876755070203, 0.19500780031201248, 0.19656786271450857, 0.1996879875195008, 0.21840873634945399, 0.22152886115444617, 0.24960998439937598, 0.25273010920436817, 0.25585023400936036, 0.2589703588143526, 0.3666146645865835, 0.3666146645865835, 0.45553822152886114, 0.45553822152886114, 0.46177847113884557, 0.46177847113884557, 0.6552262090483619, 0.6552262090483619, 0.6599063962558502, 0.6599063962558502, 0.6833073322932918, 0.6833073322932918, 0.7207488299531981, 0.7238689547581904, 0.7441497659906396, 0.7441497659906396, 0.750390015600624, 0.750390015600624, 0.7535101404056163, 0.7535101404056163, 0.7644305772230889, 0.7644305772230889, 0.765990639625585, 0.765990639625585, 0.7675507020280812, 0.7675507020280812, 0.7737909516380655, 0.7737909516380655, 0.8237129485179407, 0.8237129485179407, 0.8611544461778471, 0.8611544461778471, 0.8720748829953198, 0.8720748829953198, 0.8783151326053042, 0.8783151326053042, 0.8798751950078003, 0.8798751950078003, 0.9095163806552262, 0.9095163806552262, 0.9235569422776911, 0.9235569422776911, 0.9329173166926678, 0.9329173166926678, 0.9360374414976599, 0.9360374414976599, 0.9375975039001561, 0.9375975039001561, 0.9407176287051482, 0.9407176287051482, 0.9516380655226209, 0.9516380655226209, 0.9547581903276131, 0.9547581903276131, 0.9563182527301092, 0.9563182527301092, 0.9578783151326054, 0.9578783151326054, 0.9656786271450858, 0.9656786271450858, 0.9734789391575663, 0.9734789391575663, 0.9765990639625585, 0.9765990639625585, 0.9781591263650546, 0.9781591263650546, 0.9797191887675507, 0.9797191887675507, 0.982839313572543, 0.982839313572543, 0.984399375975039, 0.984399375975039, 0.9875195007800313, 0.9875195007800313, 0.9890795631825273, 0.9890795631825273, 0.9906396255850234, 0.9906396255850234, 0.9921996879875195, 0.9921996879875195, 0.9937597503900156, 0.9937597503900156, 0.9953198127925117, 0.9953198127925117, 0.9968798751950078, 0.9968798751950078, 0.9984399375975039, 0.9984399375975039, 1.0, 1.0]}